dataset,process,crossSection = -99.99,totalEvents = -999,luminosity=-99.99,isLite=NO,isFastSim=NO,identifier,::PAT,::pickyTrimKT1-mu,::pickyTrimKT1-e,::pickyTrimKT1-met,::pickyTrimKT1-btag
Znunu-HT50to100-madgraph,Znunu,381.2,2844517,,NO,,ZJetsToNuNu_50_HT_100_TuneZ2Star_8TeV_madgraph,/eos/uscms/store/user/bellan/PAT/Summer12_DR53X-PU_S10_START53_V7A-v1/ZJetsToNuNu_50_HT_100_TuneZ2Star_8TeV_madgraph/v0/,,,/eos/uscms/store/user/sakoay/skim_PAT/geq2J70_met150/Znunu-HT50to100-madgraph/pickyTrimKT1_lite_v0,
Znunu-HT100to200-madgraph,Znunu,160.3,2574000,,NO,,ZJetsToNuNu_100_HT_200_TuneZ2Star_8TeV_madgraph,/eos/uscms/store/user/bellan/PAT/Summer12_DR53X-PU_S10_START53_V7A-v1/ZJetsToNuNu_100_HT_200_TuneZ2Star_8TeV_madgraph/v0/,,,/eos/uscms/store/user/sakoay/skim_PAT/geq2J70_met150/Znunu-HT100to200-madgraph/pickyTrimKT1_lite_v0,
Znunu-HT200to400-madgraph,Znunu,41.49,3837885,,NO,,ZJetsToNuNu_200_HT_400_TuneZ2Star_8TeV_madgraph,/eos/uscms/store/user/bellan/PAT/Summer12_DR53X-PU_S10_START53_V7A-v1/ZJetsToNuNu_200_HT_400_TuneZ2Star_8TeV_madgraph/v0/,,,/eos/uscms/store/user/sakoay/skim_PAT/geq2J70_met150/Znunu-HT200to400-madgraph/pickyTrimKT1_lite_v0,
Znunu-HT400toInf-madgraph,Znunu,5.274,994928,,NO,,ZJetsToNuNu_400_HT_inf_TuneZ2Star_8TeV_madgraph,/eos/uscms/store/user/bellan/PAT/Summer12_DR53X-PU_S10_START53_V7A-v1/ZJetsToNuNu_400_HT_inf_TuneZ2Star_8TeV_madgraph/v1/,,,/eos/uscms/store/user/sakoay/skim_PAT/geq2J70_met150/Znunu-HT400toInf-madgraph/pickyTrimKT1_lite_v0,
Znunu-PT100toInf-madgraph,Znunu,21.44,,,NO,,ZJetsToNuNu_PtZ-100_8TeV-madgraph,,,,,
Gamma-HT200to400-madgraph,photon,960.5,,,,,GJets_HT-200To400_8TeV-madgraph,,,,,
Gamma-HT400toInf-madgraph,photon,107.5,,,,,GJets_HT-400ToInf_8TeV-madgraph,,,,,
Zll-HT200to400-madgraph,Z,25.218005,6711950,,NO,,DYJetsToLL_HT-200To400_TuneZ2Star_8TeV-madgraph,/eos/uscms/store/user/bellan/PAT/Summer12_DR53X-PU_S10_START53_V7A-v1/DYJetsToLL_HT-200To400_TuneZ2Star_8TeV-madgraph/v0/;/pnfs/cms/WAX/resilient/sakoay/PAT/Summer12_DR53X-PU_S10_START53_V7C-v1/DYJetsToLL_HT-200To400_TuneZ2Star_8TeV-madgraph_ext/v2/,/eos/uscms/store/user/sakoay/skim_PAT/mu27_geq3_j30/Zll-HT200to400-madgraph/pickyTrimKT1_v2;/eos/uscms/store/user/sakoay/skim_PAT/mu27_excl2_j70/Zll-HT200to400-madgraph/pickyTrimKT1_v2,/eos/uscms/store/user/sakoay/skim_PAT/e29_geq3_j30/Zll-HT200to400-madgraph/pickyTrimKT1_v0;/eos/uscms/store/user/sakoay/skim_PAT/e29_excl2_j70/Zll-HT200to400-madgraph/pickyTrimKT1_v0,,
Zll-HT400toInf-madgraph,Z,3.6077915,2727789,,NO,,DYJetsToLL_HT-400ToInf_TuneZ2Star_8TeV-madgraph,/pnfs/cms/WAX/resilient/sakoay/PAT/Summer12_DR53X-PU_S10_START53_V7A-v1/DYJetsToLL_HT-400ToInf_TuneZ2Star_8TeV-madgraph/v2/;/pnfs/cms/WAX/resilient/sakoay/PAT/Summer12_DR53X-PU_S10_START53_V7A-v1/DYJetsToLL_HT-400ToInf_TuneZ2Star_8TeV-madgraph_ext/v2/,/eos/uscms/store/user/sakoay/skim_PAT/mu27_geq3_j30/Zll-HT400toInf-madgraph/pickyTrimKT1_v2;/eos/uscms/store/user/sakoay/skim_PAT/mu27_excl2_j70/Zll-HT400toInf-madgraph/pickyTrimKT1_v2,/eos/uscms/store/user/sakoay/skim_PAT/e29_geq3_j30/Zll-HT400toInf-madgraph/pickyTrimKT1_v0;/eos/uscms/store/user/sakoay/skim_PAT/e29_excl2_j70/Zll-HT400toInf-madgraph/pickyTrimKT1_v0,,
Zll-PT50to70-madgraph,Z,125.8376,4900773,,NO,,DYJetsToLL_PtZ-50To70_TuneZ2star_8TeV-madgraph-tarball,/pnfs/cms/WAX/resilient/bellan/PAT/Summer12_DR53X-PU_S10_START53_V7A-v1/DYJetsToLL_PtZ-50To70_TuneZ2star_8TeV-madgraph-tarball/v0,,,,
Zll-PT70to100-madgraph,Z,79.1499,1329395,,NO,,DYJetsToLL_PtZ-70To100_TuneZ2star_8TeV-madgraph-tarball,/pnfs/cms/WAX/resilient/bellan/PAT/Summer12_DR53X-PU_S10_START53_V7A-v2/DYJetsToLL_PtZ-70To100_TuneZ2star_8TeV-madgraph-tarball/v0,,,,
Zll-PT100toInf-madgraph,Z,49.07855,2662137,,NO,,DYJetsToLL_PtZ-100_TuneZ2star_8TeV-madgraph,/pnfs/cms/WAX/resilient/bellan/PAT/Summer12_DR53X-PU_S10_START53_V7A-v2/DYJetsToLL_PtZ-100_TuneZ2star_8TeV-madgraph/v0,,,,
Zll1J-madgraph,Z,656.9628,25620248,,NO,,DY1JetsToLL_M-50_TuneZ2Star_8TeV-madgraph,/pnfs/cms/WAX/resilient/sakoay/PAT/Summer12_DR53X-PU_S10_START53_V7A-v1/DY1JetsToLL_M-50_TuneZ2Star_8TeV-madgraph/lite_v0,/eos/uscms/store/user/sakoay/skim_PAT/mu27_geq3_j30/Zll1J-madgraph/pickyTrimKT1_v0;/eos/uscms/store/user/sakoay/skim_PAT/mu27_excl2_j70/Zll1J-madgraph/pickyTrimKT1_v1,/eos/uscms/store/user/sakoay/skim_PAT/e29_geq3_j30/Zll1J-madgraph/pickyTrimKT1_v0;/eos/uscms/store/user/sakoay/skim_PAT/e29_excl2_j70/Zll1J-madgraph/pickyTrimKT1_v0,,
Zll2J-madgraph,Z,216.4553,22368156,,NO,,DY2JetsToLL_M-50_TuneZ2Star_8TeV-madgraph,/eos/uscms/store/user/lowette/PAT/Summer12_DR53X-PU_S10_START53_V7C-v1/DY2JetsToLL_M-50_TuneZ2Star_8TeV-madgraph/lite_v0,/eos/uscms/store/user/sakoay/skim_PAT/mu27_geq3_j30/Zll2J-madgraph/pickyTrimKT1_v0;/eos/uscms/store/user/sakoay/skim_PAT/mu27_excl2_j70/Zll2J-madgraph/pickyTrimKT1_v1,/eos/uscms/store/user/sakoay/skim_PAT/e29_geq3_j30/Zll2J-madgraph/pickyTrimKT1_v0;/eos/uscms/store/user/sakoay/skim_PAT/e29_excl2_j70/Zll2J-madgraph/pickyTrimKT1_v0,,
Zll3J-madgraph,Z,67.27983,11015445,,NO,,DY3JetsToLL_M-50_TuneZ2Star_8TeV-madgraph,/pnfs/cms/WAX/resilient/rossin/PAT/Summer12_DR53X-PU_S10_START53_V7A-v1/DY3JetsToLL_M-50_TuneZ2Star_8TeV-madgraph/lite_v0,/eos/uscms/store/user/sakoay/skim_PAT/mu27_geq3_j30/Zll3J-madgraph/pickyTrimKT1_v0;/eos/uscms/store/user/sakoay/skim_PAT/mu27_excl2_j70/Zll3J-madgraph/pickyTrimKT1_v1,/eos/uscms/store/user/sakoay/skim_PAT/e29_geq3_j30/Zll3J-madgraph/pickyTrimKT1_v0;/eos/uscms/store/user/sakoay/skim_PAT/e29_excl2_j70/Zll3J-madgraph/pickyTrimKT1_v0,,
Zll4J-madgraph,Z,39.846005,6562827,,NO,,DY4JetsToLL_M-50_TuneZ2Star_8TeV-madgraph,/eos/uscms/store/user/mullin/PAT/Summer12_DR53X-PU_S10_START53_V7A-v1/DY4JetsToLL_M-50_TuneZ2Star_8TeV-madgraph/lite_v0,/eos/uscms/store/user/sakoay/skim_PAT/mu27_geq3_j30/Zll4J-madgraph/pickyTrimKT1_v0;/eos/uscms/store/user/sakoay/skim_PAT/mu27_excl2_j70/Zll4J-madgraph/pickyTrimKT1_v1,/eos/uscms/store/user/sakoay/skim_PAT/e29_geq3_j30/Zll4J-madgraph/pickyTrimKT1_v0;/eos/uscms/store/user/sakoay/skim_PAT/e29_excl2_j70/Zll4J-madgraph/pickyTrimKT1_v0,,
Zll-M10to50-madgraph,Z,15451.975,534851,,NO,,DYJetsToLL_M-10To50_TuneZ2Star_8TeV-madgraph,/pnfs/cms/WAX/resilient/sakoay/PAT/Summer12_DR53X-PU_S10_START53_V7A-v1/DYJetsToLL_M-10To50_TuneZ2Star_8TeV-madgraph/v0/,/eos/uscms/store/user/sakoay/skim_PAT/mu27_geq3_j30/Zll-M10to50-madgraph/pickyTrimKT1_v0/;/eos/uscms/store/user/sakoay/skim_PAT/mu27_excl2_j70/Zll-M10to50-madgraph/pickyTrimKT1_v0/,,,
Wlnu-PT100toInf-madgraph,W,238.68033,12742360,,YES,,WJetsToLNu_PtW-100_TuneZ2star_8TeV-madgraph,/eos/uscms/store/user/bora12/PAT/Summer12_DR53X-PU_S10_START53_V7A-v1/WJetsToLNu_PtW-100_TuneZ2star_8TeV-madgraph/lite_v0,,,,
Wlnu1J-madgraph,W,6925.16,23141598,,YES,,W1JetsToLNu_TuneZ2Star_8TeV-madgraph,/pnfs/cms/WAX/resilient/bora12/PAT/Summer12_DR53X-PU_S10_START53_V7A-v1/W1JetsToLNu_TuneZ2Star_8TeV-madgraph/lite_v0,/eos/uscms/store/user/sakoay/skim_PAT/mu27_geq3_j30/Wlnu1J-madgraph/pickyTrimKT1_lite_v0;/eos/uscms/store/user/sakoay/skim_PAT/mu27_excl2_j70/Wlnu1J-madgraph/pickyTrimKT1_lite_v0,/eos/uscms/store/user/sakoay/skim_PAT/e29_geq3_j30/Wlnu1J-madgraph/pickyTrimKT1_lite_v0;/eos/uscms/store/user/sakoay/skim_PAT/e29_excl2_j70/Wlnu1J-madgraph/pickyTrimKT1_lite_v0,/eos/uscms/store/user/sakoay/skim_PAT/geq2J70_met150/Wlnu1J-madgraph/pickyTrimKT1_lite_v0,
Wlnu2J-madgraph,W,2190.14,33340929,,YES,,W2JetsToLNu_TuneZ2Star_8TeV-madgraph,/pnfs/cms/WAX/resilient/bora12/PAT/Summer12_DR53X-PU_S10_START53_V7A-v1/W2JetsToLNu_TuneZ2Star_8TeV-madgraph/lite_v0,/eos/uscms/store/user/sakoay/skim_PAT/mu27_geq3_j30/Wlnu2J-madgraph/pickyTrimKT1_lite_v0;/eos/uscms/store/user/sakoay/skim_PAT/mu27_excl2_j70/Wlnu2J-madgraph/pickyTrimKT1_lite_v0,/eos/uscms/store/user/sakoay/skim_PAT/e29_geq3_j30/Wlnu2J-madgraph/pickyTrimKT1_lite_v0;/eos/uscms/store/user/sakoay/skim_PAT/e29_excl2_j70/Wlnu2J-madgraph/pickyTrimKT1_lite_v0,/eos/uscms/store/user/sakoay/skim_PAT/geq2J70_met150/Wlnu2J-madgraph/pickyTrimKT1_lite_v0,
Wlnu3J-madgraph,W,788.402,15539503,,YES,,W3JetsToLNu_TuneZ2Star_8TeV-madgraph,/pnfs/cms/WAX/resilient/bora12/PAT/Summer12_DR53X-PU_S10_START53_V7A-v1/W3JetsToLNu_TuneZ2Star_8TeV-madgraph/lite_v0,/eos/uscms/store/user/sakoay/skim_PAT/mu27_geq3_j30/Wlnu3J-madgraph/pickyTrimKT1_lite_v0;/eos/uscms/store/user/sakoay/skim_PAT/mu27_excl2_j70/Wlnu3J-madgraph/pickyTrimKT1_lite_v0,/eos/uscms/store/user/sakoay/skim_PAT/e29_geq3_j30/Wlnu3J-madgraph/pickyTrimKT1_lite_v0;/eos/uscms/store/user/sakoay/skim_PAT/e29_excl2_j70/Wlnu3J-madgraph/pickyTrimKT1_lite_v0,/eos/uscms/store/user/sakoay/skim_PAT/geq2J70_met150/Wlnu3J-madgraph/pickyTrimKT1_lite_v0,
Wlnu4J-madgraph,W,286.638,13382803,,YES,,W4JetsToLNu_TuneZ2Star_8TeV-madgraph,/pnfs/cms/WAX/resilient/bora12/PAT/Summer12_DR53X-PU_S10_START53_V7A-v1/W4JetsToLNu_TuneZ2Star_8TeV-madgraph/lite_v0,/eos/uscms/store/user/sakoay/skim_PAT/mu27_geq3_j30/Wlnu4J-madgraph/pickyTrimKT1_lite_v0;/eos/uscms/store/user/sakoay/skim_PAT/mu27_excl2_j70/Wlnu4J-madgraph/pickyTrimKT1_lite_v0,/eos/uscms/store/user/sakoay/skim_PAT/e29_geq3_j30/Wlnu4J-madgraph/pickyTrimKT1_lite_v0;/eos/uscms/store/user/sakoay/skim_PAT/e29_excl2_j70/Wlnu4J-madgraph/pickyTrimKT1_lite_v0,/eos/uscms/store/user/sakoay/skim_PAT/geq2J70_met150/Wlnu4J-madgraph/pickyTrimKT1_lite_v0,
WW-pythia,diboson,54.838,9299216,,YES,,WW_TuneZ2star_8TeV_pythia6_tauola,/pnfs/cms/WAX/resilient/nmccoll/PAT/Summer12_DR53X-PU_S10_START53_V7A-v1/WW_TuneZ2star_8TeV_pythia6_tauola/lite_v0,/eos/uscms/store/user/sakoay/skim_PAT/mu27_geq3_j30/WW-pythia/pickyTrimKT1_lite_v0/;/eos/uscms/store/user/sakoay/skim_PAT/mu27_excl2_j70/WW-pythia/pickyTrimKT1_lite_v0/,/eos/uscms/store/user/sakoay/skim_PAT/e29_geq3_j30/WW-pythia/pickyTrimKT1_lite_v0/;/eos/uscms/store/user/sakoay/skim_PAT/e29_excl2_j70/WW-pythia/pickyTrimKT1_lite_v0/,,
WZ-pythia,diboson,33.21,9930283,,YES,,WZ_TuneZ2star_8TeV_pythia6_tauola,/pnfs/cms/WAX/resilient/nmccoll/PAT/Summer12_DR53X-PU_S10_START53_V7A-v1/WZ_TuneZ2star_8TeV_pythia6_tauola/lite_v0,/eos/uscms/store/user/sakoay/skim_PAT/mu27_geq3_j30/WZ-pythia/pickyTrimKT1_lite_v0/;/eos/uscms/store/user/sakoay/skim_PAT/mu27_excl2_j70/WZ-pythia/pickyTrimKT1_lite_v0/,/eos/uscms/store/user/sakoay/skim_PAT/e29_geq3_j30/WZ-pythia/pickyTrimKT1_lite_v0/;/eos/uscms/store/user/sakoay/skim_PAT/e29_excl2_j70/WZ-pythia/pickyTrimKT1_lite_v0/,,
ZZ-pythia,diboson,17.654,9409908,,YES,,ZZ_TuneZ2star_8TeV_pythia6_tauola,/pnfs/cms/WAX/resilient/nmccoll/PAT/Summer12_DR53X-PU_S10_START53_V7A-v1/ZZ_TuneZ2star_8TeV_pythia6_tauola/lite_v0,/eos/uscms/store/user/sakoay/skim_PAT/mu27_geq3_j30/ZZ-pythia/pickyTrimKT1_lite_v0/;/eos/uscms/store/user/sakoay/skim_PAT/mu27_excl2_j70/ZZ-pythia/pickyTrimKT1_lite_v0/,/eos/uscms/store/user/sakoay/skim_PAT/e29_geq3_j30/ZZ-pythia/pickyTrimKT1_lite_v0/;/eos/uscms/store/user/sakoay/skim_PAT/e29_excl2_j70/ZZ-pythia/pickyTrimKT1_lite_v0/,,
QCD-HT100to250-madgraph,QCD,10497100,50104518,,YES,,QCD_HT-100To250_TuneZ2star_8TeV-madgraph-pythia6,/eos/uscms/store/user/lowette/PAT/Summer12_DR53X-PU_S10_START53_V7A-v1/QCD_HT-100To250_TuneZ2star_8TeV-madgraph-pythia/,/eos/uscms/store/user/sakoay/skim_PAT/anyMu27_geq3_j30/QCD-HT100to250-madgraph/pickyTrimKT1_lite_v0;/eos/uscms/store/user/sakoay/skim_PAT/anyMu27_excl2_j70/QCD-HT100to250-madgraph/pickyTrimKT1_lite_v0,,,
QCD-HT250to500-madgraph,QCD,282000,27037078,,YES,,QCD_HT-250To500_TuneZ2star_8TeV-madgraph-pythia6,/eos/uscms/store/user/lowette/PAT/Summer12_DR53X-PU_S10_START53_V7A-v1/QCD_HT-250To500_TuneZ2star_8TeV-madgraph-pythia6/,/eos/uscms/store/user/sakoay/skim_PAT/anyMu27_geq3_j30/QCD-HT250to500-madgraph/pickyTrimKT1_lite_v0;/eos/uscms/store/user/sakoay/skim_PAT/anyMu27_excl2_j70/QCD-HT250to500-madgraph/pickyTrimKT1_lite_v0,,/eos/uscms/store/user/nmccoll/skim_PAT/met_geq150/QCD-HT250to500-madgraph,/eos/uscms/store/user/rossin/skim_PAT/ht340_geq1bT/QCD-HT250to500-madgraph/pickyTrimKT1_lite_v0
QCD-HT500to1000-madgraph,QCD,8633.57,30599292,,YES,,QCD_HT-500To1000_TuneZ2star_8TeV-madgraph-pythia6,/eos/uscms/store/user/lowette/PAT/Summer12_DR53X-PU_S10_START53_V7A-v1/QCD_HT-500To1000_TuneZ2star_8TeV-madgraph-pythia6/,/eos/uscms/store/user/sakoay/skim_PAT/anyMu27_geq3_j30/QCD-HT500to1000-madgraph/pickyTrimKT1_lite_v0;/eos/uscms/store/user/sakoay/skim_PAT/anyMu27_excl2_j70/QCD-HT500to1000-madgraph/pickyTrimKT1_lite_v0,,/eos/uscms/store/user/nmccoll/skim_PAT/met_geq100/QCD-HT500to1000-madgraph,/eos/uscms/store/user/rossin/skim_PAT/ht340_geq1bT/QCD-HT500to1000-madgraph/pickyTrimKT1_lite_v0
QCD-HT1000toInf-madgraph,QCD,212.574,13843863,,YES,,QCD_HT-1000ToInf_TuneZ2star_8TeV-madgraph-pythia6,/eos/uscms/store/user/lowette/PAT/Summer12_DR53X-PU_S10_START53_V7A-v1/QCD_HT-1000ToInf_TuneZ2star_8TeV-madgraph-pythia6/,/eos/uscms/store/user/sakoay/skim_PAT/anyMu27_geq3_j30/QCD-HT1000toInf-madgraph/pickyTrimKT1_lite_v0;/eos/uscms/store/user/sakoay/skim_PAT/anyMu27_excl2_j70/QCD-HT1000toInf-madgraph/pickyTrimKT1_lite_v0,,/eos/uscms/store/user/nmccoll/skim_PAT/met_geq100/QCD-HT1000toInf-madgraph,/eos/uscms/store/user/rossin/skim_PAT/ht340_geq1bT/QCD-HT1000toInf-madgraph/pickyTrimKT1_lite_v0
QCD-PT0to5-pythia6,QCD,49586200000,999772,,YES,,QCD_Pt-0to5_TuneZ2star_8TeV_pythia6,/eos/uscms/store/user/lowette/PAT/Summer12_DR53X-PU_S10_START53_V7A-v1/QCD_Pt-0to5_TuneZ2star_8TeV_pythia6/lite-v1/,,,,
QCD-PT5to15-pythia6,QCD,42316500000,1489180,,YES,,QCD_Pt-5to15_TuneZ2star_8TeV_pythia6,/eos/uscms/store/user/lowette/PAT/Summer12_DR53X-PU_S10_START53_V7A-v1/QCD_Pt-5to15_TuneZ2star_8TeV_pythia6/lite-v1/,,,,
QCD-PT15to30-pythia6,QCD,985923000,9987950,,YES,,QCD_Pt-15to30_TuneZ2star_8TeV_pythia6,/eos/uscms/store/user/lowette/PAT/Summer12_DR53X-PU_S10_START53_V7A-v1/QCD_Pt-15to30_TuneZ2star_8TeV_pythia6/lite-v1/,,,,
QCD-PT30to50-pythia6,QCD,66145400,6000000,,YES,,QCD_Pt-30to50_TuneZ2star_8TeV_pythia6,/eos/uscms/store/user/lowette/PAT/Summer12_DR53X-PU_S10_START53_V7A-v2/QCD_Pt-30to50_TuneZ2star_8TeV_pythia6/lite-v1/,,,,
QCD-PT50to80-pythia6,QCD,8111130,5998850,,YES,,QCD_Pt-50to80_TuneZ2star_8TeV_pythia6,/eos/uscms/store/user/lowette/PAT/Summer12_DR53X-PU_S10_START53_V7A-v2/QCD_Pt-50to80_TuneZ2star_8TeV_pythia6/lite-v1/,,,,
QCD-PT80to120-pythia6,QCD,1030910,5994850,,YES,,QCD_Pt-80to120_TuneZ2star_8TeV_pythia6,/eos/uscms/store/user/lowette/PAT/Summer12_DR53X-PU_S10_START53_V7A-v3/QCD_Pt-80to120_TuneZ2star_8TeV_pythia6/lite-v1/,/eos/uscms/store/user/sakoay/skim_PAT/anyMu27_geq3_j30/QCD-PT80to120-pythia6/pickyTrimKT1_lite_v0;/eos/uscms/store/user/sakoay/skim_PAT/anyMu27_excl2_j70/QCD-PT80to120-pythia6/pickyTrimKT1_lite_v0,,,/eos/uscms/store/user/rossin/skim_PAT/ht340_geq1bT/QCD-PT80to120-pythia6/pickyTrimKT1_lite_v0
QCD-PT120to170-pythia6,QCD,155872,5985720,,YES,,QCD_Pt-120to170_TuneZ2star_8TeV_pythia6,/eos/uscms/store/user/lowette/PAT/Summer12_DR53X-PU_S10_START53_V7A-v3/QCD_Pt-120to170_TuneZ2star_8TeV_pythia6/lite-v1/,/eos/uscms/store/user/sakoay/skim_PAT/anyMu27_geq3_j30/QCD-PT120to170-pythia6/pickyTrimKT1_lite_v0;/eos/uscms/store/user/sakoay/skim_PAT/anyMu27_excl2_j70/QCD-PT120to170-pythia6/pickyTrimKT1_lite_v0,,,/eos/uscms/store/user/rossin/skim_PAT/ht340_geq1bT/QCD-PT120to170-pythia6/pickyTrimKT1_lite_v0
QCD-PT170to300-pythia6,QCD,34352.3,25784612,,YES,,QCD_Pt-170to300_TuneZ2star_8TeV_pythia6,/eos/uscms/store/user/lowette/PAT/Summer12_DR53X-PU_S10_START53_V7A-v2/QCD_Pt-170to300_TuneZ2star_8TeV_pythia6/lite-v1/;/eos/uscms/store/user/lowette/PAT/Summer12_DR53X-PU_S10_START53_V7A-v1/QCD_Pt-170to300_TuneZ2star_8TeV_pythia6_v2/lite-v1/,/eos/uscms/store/user/sakoay/skim_PAT/anyMu27_geq3_j30/QCD-PT170to300-pythia6/pickyTrimKT1_lite_v0;/eos/uscms/store/user/sakoay/skim_PAT/anyMu27_excl2_j70/QCD-PT170to300-pythia6/pickyTrimKT1_lite_v0,,/eos/uscms/store/user/nmccoll/skim_PAT/met_geq100/QCD-PT170to300-pythia6;/eos/uscms/store/user/nmccoll/skim_PAT/met_geq100/QCD-PT170to300-pythia6-20M,/eos/uscms/store/user/rossin/skim_PAT/ht340_geq1bT/QCD-PT170to300-pythia6/pickyTrimKT1_lite_v0
QCD-PT300to470-pythia6,QCD,1709.36,29360700,,YES,,QCD_Pt-300to470_TuneZ2star_8TeV_pythia6,/eos/uscms/store/user/lowette/PAT/Summer12_DR53X-PU_S10_START53_V7A-v2/QCD_Pt-300to470_TuneZ2star_8TeV_pythia6/lite-v1/;/eos/uscms/store/user/lowette/PAT/Summer12_DR53X-PU_S10_START53_V7A-v1/QCD_Pt-300to470_TuneZ2star_8TeV_pythia6_v3/lite-v1/;/eos/uscms/store/user/lowette/PAT/Summer12_DR53X-PU_S10_START53_V7A-v1/QCD_Pt-300to470_TuneZ2star_8TeV_pythia6_v2/lite-v1/,/eos/uscms/store/user/sakoay/skim_PAT/anyMu27_geq3_j30/QCD-PT300to470-pythia6/pickyTrimKT1_lite_v0;/eos/uscms/store/user/sakoay/skim_PAT/anyMu27_excl2_j70/QCD-PT300to470-pythia6/pickyTrimKT1_lite_v0,,/eos/uscms/store/user/nmccoll/skim_PAT/met_geq100/QCD-PT300to470-pythia6;/eos/uscms/store/user/nmccoll/skim_PAT/met_geq100/QCD-PT300to470-pythia6-20M;/eos/uscms/store/user/nmccoll/skim_PAT/met_geq100/QCD-PT300to470-pythia6-3M,/eos/uscms/store/user/rossin/skim_PAT/ht340_geq1bT/QCD-PT300to470-pythia6/pickyTrimKT1_lite_v0
QCD-PT470to600-pythia6,QCD,113.359,3994840,,YES,,QCD_Pt-470to600_TuneZ2star_8TeV_pythia6,/eos/uscms/store/user/lowette/PAT/Summer12_DR53X-PU_S10_START53_V7A-v2/QCD_Pt-470to600_TuneZ2star_8TeV_pythia6/lite-v1/,/eos/uscms/store/user/sakoay/skim_PAT/anyMu27_geq3_j30/QCD-PT470to600-pythia6/pickyTrimKT1_lite_v0;/eos/uscms/store/user/sakoay/skim_PAT/anyMu27_excl2_j70/QCD-PT470to600-pythia6/pickyTrimKT1_lite_v0,,/eos/uscms/store/user/nmccoll/skim_PAT/met_geq100/QCD-PT470to600-pythia6,/eos/uscms/store/user/rossin/skim_PAT/ht340_geq1bT/QCD-PT470to600-pythia6/pickyTrimKT1_lite_v0
QCD-PT600to800-pythia6,QCD,27.0167,3996860,,YES,,QCD_Pt-600to800_TuneZ2star_8TeV_pythia6,/eos/uscms/store/user/lowette/PAT/Summer12_DR53X-PU_S10_START53_V7A-v2/QCD_Pt-600to800_TuneZ2star_8TeV_pythia6/lite-v1/,/eos/uscms/store/user/sakoay/skim_PAT/anyMu27_geq3_j30/QCD-PT600to800-pythia6/pickyTrimKT1_lite_v0;/eos/uscms/store/user/sakoay/skim_PAT/anyMu27_excl2_j70/QCD-PT600to800-pythia6/pickyTrimKT1_lite_v0,,/eos/uscms/store/user/nmccoll/skim_PAT/met_geq100/QCD-PT600to800-pythia6,/eos/uscms/store/user/rossin/skim_PAT/ht340_geq1bT/QCD-PT600to800-pythia6/pickyTrimKT1_lite_v0
QCD-PT800to1000-pythia6,QCD,3.53291,3998550,,YES,,QCD_Pt-800to1000_TuneZ2star_8TeV_pythia6,/eos/uscms/store/user/lowette/PAT/Summer12_DR53X-PU_S10_START53_V7A-v2/QCD_Pt-800to1000_TuneZ2star_8TeV_pythia6/lite-v1/,/eos/uscms/store/user/sakoay/skim_PAT/anyMu27_geq3_j30/QCD-PT800to1000-pythia6/pickyTrimKT1_lite_v0;/eos/uscms/store/user/sakoay/skim_PAT/anyMu27_excl2_j70/QCD-PT800to1000-pythia6/pickyTrimKT1_lite_v0,,/eos/uscms/store/user/nmccoll/skim_PAT/met_geq100/QCD-PT800to1000-pythia6,/eos/uscms/store/user/rossin/skim_PAT/ht340_geq1bT/QCD-PT800to1000-pythia6/pickyTrimKT1_lite_v0
QCD-PT1000to1400-pythia6,QCD,0.736164,1964090,,YES,,QCD_Pt-1000to1400_TuneZ2star_8TeV_pythia6,/eos/uscms/store/user/lowette/PAT/Summer12_DR53X-PU_S10_START53_V7A-v1/QCD_Pt-1000to1400_TuneZ2star_8TeV_pythia6/lite-v1/,/eos/uscms/store/user/sakoay/skim_PAT/anyMu27_geq3_j30/QCD-PT1000to1400-pythia6/pickyTrimKT1_lite_v0;/eos/uscms/store/user/sakoay/skim_PAT/anyMu27_excl2_j70/QCD-PT1000to1400-pythia6/pickyTrimKT1_lite_v0,,/eos/uscms/store/user/nmccoll/skim_PAT/met_geq100/QCD-PT1000to1400-pythia6,/eos/uscms/store/user/rossin/skim_PAT/ht340_geq1bT/QCD-PT1000to1400-pythia6/pickyTrimKT1_lite_v0
QCD-PT1400to1800-pythia6,QCD,0.0340124,2000060,,YES,,QCD_Pt-1400to1800_TuneZ2star_8TeV_pythia6,/eos/uscms/store/user/lowette/PAT/Summer12_DR53X-PU_S10_START53_V7A-v1/QCD_Pt-1400to1800_TuneZ2star_8TeV_pythia6/lite-v1/,/eos/uscms/store/user/sakoay/skim_PAT/anyMu27_geq3_j30/QCD-PT1400to1800-pythia6/pickyTrimKT1_lite_v0;/eos/uscms/store/user/sakoay/skim_PAT/anyMu27_excl2_j70/QCD-PT1400to1800-pythia6/pickyTrimKT1_lite_v0,,/eos/uscms/store/user/nmccoll/skim_PAT/met_geq100/QCD-PT1400to1800-pythia6,/eos/uscms/store/user/rossin/skim_PAT/ht340_geq1bT/QCD-PT1400to1800-pythia6/pickyTrimKT1_lite_v0
QCD-PT1800toInf-pythia6,QCD,0.00185012,977586,,YES,,QCD_Pt-1800_TuneZ2star_8TeV_pythia6,/eos/uscms/store/user/lowette/PAT/Summer12_DR53X-PU_S10_START53_V7A-v1/QCD_Pt-1800_TuneZ2star_8TeV_pythia6/lite-v1/,/eos/uscms/store/user/sakoay/skim_PAT/anyMu27_geq3_j30/QCD-PT1800toInf-pythia6/pickyTrimKT1_lite_v0;/eos/uscms/store/user/sakoay/skim_PAT/anyMu27_excl2_j70/QCD-PT1800toInf-pythia6/pickyTrimKT1_lite_v0,,/eos/uscms/store/user/nmccoll/skim_PAT/met_geq100/QCD-PT1800toInf-pythia6,/eos/uscms/store/user/rossin/skim_PAT/ht340_geq1bT/QCD-PT1800toInf-pythia6/pickyTrimKT1_lite_v0
ttbar-madgraph,ttbar,234,6904508,,NO,,TTJets_MassiveBinDECAY_TuneZ2star_8TeV-madgraph-tauola,/eos/uscms/store/user/rossin/PAT/Summer12_DR53X-PU_S10_START53_V7A-v1/TTJets_MassiveBinDECAY_TuneZ2star_8TeV-madgraph-tauola/v0,/eos/uscms/store/user/sakoay/skim_PAT/mu27_geq3_j30/ttbar-madgraph/pickyTrimKT1_v0;/eos/uscms/store/user/sakoay/skim_PAT/mu27_excl2_j70/ttbar-madgraph/pickyTrimKT1_v0,/eos/uscms/store/user/sakoay/skim_PAT/e29_geq3_j30/ttbar-madgraph/pickyTrimKT1_v0;/eos/uscms/store/user/sakoay/skim_PAT/e29_excl2_j70/ttbar-madgraph/pickyTrimKT1_v0,/eos/uscms/store/user/sakoay/skim_PAT/geq2J70_met150/ttbar-madgraph/pickyTrimKT1_v0,
ttbar-powheg,ttbar,234,28150723,,NO,,TT_CT10_TuneZ2star_8TeV-powheg-tauola,/pnfs/cms/WAX/resilient/sakoay/PAT/Summer12_DR53X-PU_S10_START53_V7A-v1/TT_CT10_TuneZ2star_8TeV-powheg-tauola/v2/;/pnfs/cms/WAX/resilient/sakoay/PAT/Summer12_DR53X-PU_S10_START53_V7A-v2/TT_CT10_TuneZ2star_8TeV-powheg-tauola/v2/,/eos/uscms/store/user/sakoay/skim_PAT/mu27_geq3_j30/ttbar-powheg/pickyTrimKT1_v2;/eos/uscms/store/user/sakoay/skim_PAT/mu27_excl2_j70/ttbar-powheg/pickyTrimKT1_v2,/eos/uscms/store/user/sakoay/skim_PAT/e29_geq3_j30/ttbar-powheg/pickyTrimKT1_v0;/eos/uscms/store/user/sakoay/skim_PAT/e29_excl2_j70/ttbar-powheg/pickyTrimKT1_v0,/eos/uscms/store/user/sakoay/skim_PAT/geq2J70_met150/ttbar-powheg/pickyTrimKT1_v0,
t-tChannel-powheg,singleTop,56.4,3758227,,YES,,T_t-channel_TuneZ2star_8TeV-powheg-tauola,/pnfs/cms/WAX/resilient/bora12/PAT/Summer12_DR53X-PU_S10_START53_V7A-v1/T_t-channel_TuneZ2star_8TeV-powheg-tauola/lite_v0/,/eos/uscms/store/user/sakoay/skim_PAT/mu27_geq3_j30/t-tChannel-powheg/pickyTrimKT1_lite_v0;/eos/uscms/store/user/sakoay/skim_PAT/mu27_excl2_j70/t-tChannel-powheg/pickyTrimKT1_lite_v0,/eos/uscms/store/user/sakoay/skim_PAT/e29_geq3_j30/t-tChannel-powheg/pickyTrimKT1_lite_v0;/eos/uscms/store/user/sakoay/skim_PAT/e29_excl2_j70/t-tChannel-powheg/pickyTrimKT1_lite_v0,/eos/uscms/store/user/sakoay/skim_PAT/geq2J70_met150/t-tChannel-powheg/pickyTrimKT1_lite_v0,
tbar-tChannel-powheg,singleTop,30.7,1935072,,YES,,Tbar_t-channel_TuneZ2star_8TeV-powheg-tauola,/pnfs/cms/WAX/resilient/rossin/PAT/Summer12_DR53X-PU_S10_START53_V7A-v1/Tbar_t-channel_TuneZ2star_8TeV-powheg-tauola/lite_v0/,/eos/uscms/store/user/sakoay/skim_PAT/mu27_geq3_j30/tbar-tChannel-powheg/pickyTrimKT1_lite_v0;/eos/uscms/store/user/sakoay/skim_PAT/mu27_excl2_j70/tbar-tChannel-powheg/pickyTrimKT1_lite_v0,/eos/uscms/store/user/sakoay/skim_PAT/e29_geq3_j30/tbar-tChannel-powheg/pickyTrimKT1_lite_v0;/eos/uscms/store/user/sakoay/skim_PAT/e29_excl2_j70/tbar-tChannel-powheg/pickyTrimKT1_lite_v0,/eos/uscms/store/user/sakoay/skim_PAT/geq2J70_met150/tbar-tChannel-powheg/pickyTrimKT1_lite_v0,
tW-powheg,singleTop,1.1775,2976510,,YES,,TToDilepton_tW-channel-DR_8TeV-powheg-tauola,/pnfs/cms/WAX/resilient/sakoay/PAT/Summer12_DR53X-PU_S10_START53_V7A-v1/TToDilepton_tW-channel-DR_8TeV-powheg-tauola/lite_v0/,/eos/uscms/store/user/sakoay/skim_PAT/mu27_geq3_j30/tW-powheg/pickyTrimKT1_lite_v0;/eos/uscms/store/user/sakoay/skim_PAT/mu27_excl2_j70/tW-powheg/pickyTrimKT1_lite_v0,/eos/uscms/store/user/sakoay/skim_PAT/e29_geq3_j30/tW-powheg/pickyTrimKT1_lite_v0;/eos/uscms/store/user/sakoay/skim_PAT/e29_excl2_j70/tW-powheg/pickyTrimKT1_lite_v0,,
tbarW-powheg,singleTop,1.1775,2971482,,YES,,TBarToDilepton_tW-channel-DR_8TeV-powheg-tauola,/pnfs/cms/WAX/resilient/sakoay/PAT/Summer12_DR53X-PU_S10_START53_V7A-v1/TBarToDilepton_tW-channel-DR_8TeV-powheg-tauola/lite_v0/,/eos/uscms/store/user/sakoay/skim_PAT/mu27_geq3_j30/tbarW-powheg/pickyTrimKT1_lite_v0;/eos/uscms/store/user/sakoay/skim_PAT/mu27_excl2_j70/tbarW-powheg/pickyTrimKT1_lite_v0,/eos/uscms/store/user/sakoay/skim_PAT/e29_geq3_j30/tbarW-powheg/pickyTrimKT1_lite_v0;/eos/uscms/store/user/sakoay/skim_PAT/e29_excl2_j70/tbarW-powheg/pickyTrimKT1_lite_v0,,
ttZ-madgraph,ttZ,0.2057,210160,,YES,,TTZJets_8TeV-madgraph,/eos/uscms/store/user/rossin/PAT/Summer12_DR53X-PU_S10_START53_V7A-v1/TTZJets_8TeV-madgraph_v2/lite-v1/,/eos/uscms/store/user/sakoay/skim_PAT/mu27_geq3_j30/ttZ-madgraph/pickyTrimKT1_lite_v0;/eos/uscms/store/user/sakoay/skim_PAT/mu27_excl2_j70/ttZ-madgraph/pickyTrimKT1_lite_v0/,/eos/uscms/store/user/sakoay/skim_PAT/e29_geq3_j30/ttZ-madgraph/pickyTrimKT1_lite_v0;/eos/uscms/store/user/sakoay/skim_PAT/e29_excl2_j70/ttZ-madgraph/pickyTrimKT1_lite_v0,/eos/uscms/store/user/nmccoll/skim_PAT/geq2J70_met150/ttZ-madgraph/pickyTrimKT1_v0/,
ttW-madgraph,ttW,0.232,194046,,YES,,TTWJets_8TeV-madgraph,/pnfs/cms/WAX/resilient/nmccoll/PAT/Summer12_DR53X-PU_S10_START53_V7A-v1/TTWJets_8TeV-madgraph/lite_v0/,/eos/uscms/store/user/sakoay/skim_PAT/mu27_geq3_j30/ttW-madgraph/pickyTrimKT1_lite_v0;/eos/uscms/store/user/sakoay/skim_PAT/mu27_excl2_j70/ttW-madgraph/pickyTrimKT1_lite_v0/,/eos/uscms/store/user/sakoay/skim_PAT/e29_geq3_j30/ttW-madgraph/pickyTrimKT1_lite_v0;/eos/uscms/store/user/sakoay/skim_PAT/e29_excl2_j70/ttW-madgraph/pickyTrimKT1_lite_v0,,
T2tt-pythia,stop;LSP,stop,,,YES,YES,SMS-T2tt_Mgluino-225to1200_mLSP-0to1000_8TeV-Pythia6Z,/eos/uscms/store/user/rossin/PAT/Summer12-START52_V9_FSIM-v7/SMS-T2tt_Mgluino-225to1200_mLSP-0to1000_8TeV-Pythia6Z/TttSkim-lite-v1/,,,,
T2tt-madgraph,stop;LSP,stop,,,YES,YES,SMS-T2tt_MadGraph_Mstop-150to800_mLSP-0to550_8TeV-Pythia6Z,/pnfs/cms/WAX/resilient/rossin/PAT/Summer12-START52_V9_FSIM-v1/SMS-T2tt_mStop-150to350_mLSP-0to250_8TeV-Pythia6Z/v1;/pnfs/cms/WAX/resilient/rossin/PAT/Summer12-START52_V9_FSIM-v1/SMS-T2tt_mStop-375to475_mLSP-0to375_8TeV-Pythia6Z/v1;/pnfs/cms/WAX/resilient/rossin/PAT/Summer12-START52_V9_FSIM-v1/SMS-T2tt_mStop-500to650_mLSP-0to225_8TeV-Pythia6Z/v1;/pnfs/cms/WAX/resilient/rossin/PAT/Summer12-START52_V9_FSIM-v1/SMS-T2tt_mStop-500to650_mLSP-250to550_8TeV-Pythia6Z/v1;/pnfs/cms/WAX/resilient/rossin/PAT/Summer12-START52_V9_FSIM-v1/SMS-T2tt_mStop-675to800_mLSP-0to275_8TeV-Pythia6Z/v1,,,/eos/uscms/store/user/nmccoll/skim_PAT/geq2J65_met160/T2tt_mStop-150to350_mLSP-0to250/pickyTrimKT1_lite_v0;/eos/uscms/store/user/nmccoll/skim_PAT/geq2J65_met160/T2tt_mStop-375to475_mLSP-0to375/pickyTrimKT1_lite_v0;/eos/uscms/store/user/nmccoll/skim_PAT/geq2J65_met160/T2tt_mStop-500to650_mLSP-0to225/pickyTrimKT1_lite_v0;/eos/uscms/store/user/nmccoll/skim_PAT/geq2J65_met160/T2tt_mStop-500to650_mLSP-250to550/pickyTrimKT1_lite_v0;/eos/uscms/store/user/nmccoll/skim_PAT/geq2J65_met160/T2tt_mStop-675to800_mLSP-0to275/pickyTrimKT1_lite_v0,
T2bw,chi;stop;LSP,stop,,,YES,YES,SMS-T2bw_Mstop-225to1000_mLSP-0to900_8TeV-Pythia6Z,/eos/uscms/store/user/lowette/PAT/Summer12-START52_V9_FSIM-v6/SMS-T2bw_Mstop-225to1000_mLSP-0to900_8TeV-Pythia6Z/TbWSkim-lite-v2,,,,
METData-2012A-13Jul,METData,,,0.808410572,YES,,MET-Run2012A-13Jul2012-v1,/pnfs/cms/WAX/resilient/mullin/PAT/Run2012A-13Jul2012-v1/MET/190456-193621/DiJetMetSkim_lite_v0,,,/eos/uscms/store/user/sakoay/skim_PAT/geq2J70_met150/METData-2012A-13Jul/pickyTrimKT1_lite_v1,
METData-2012A-06Aug,METData,,,0.082135672,YES,,MET-Run2012A-recover-06Aug2012-v1,/pnfs/cms/WAX/resilient/mullin/PAT/Run2012A-recover-06Aug2012-v1/MET/190782-190949/DiJetMetSkim_lite_v0,,,/eos/uscms/store/user/sakoay/skim_PAT/geq2J70_met150/METData-2012A-06Aug/pickyTrimKT1_lite_v1,
METData-2012B-13Jul,METData,,,4.428359119,YES,,MET-Run2012B-13Jul2012-v1,/pnfs/cms/WAX/resilient/mullin/PAT/Run2012B-13Jul2012-v1/MET/193833-196531/DiJetMetSkim_lite_v0,,,/eos/uscms/store/user/sakoay/skim_PAT/geq2J70_met150/METData-2012B-13Jul/pickyTrimKT1_lite_v1,
METData-2012C-24Aug,METData,,,0.495002898,YES,,MET-Run2012C-24Aug2012-v1,/pnfs/cms/WAX/resilient/mullin/PAT/Run2012C-24Aug2012-v1/MET/198022-198913/DiJetMetSkim_lite_v0,,,/eos/uscms/store/user/sakoay/skim_PAT/geq2J70_met150/METData-2012C-24Aug/pickyTrimKT1_lite_v1,
METData-2012C-PromptReco,METData,,,6.394144686,YES,,MET-Run2012C-PromptReco-v2,/pnfs/cms/WAX/resilient/mullin/PAT/Run2012C-PromptReco-v2/MET/198934-203746/DiJetMetSkim_lite_v0,,,/eos/uscms/store/user/sakoay/skim_PAT/geq2J70_met150/METData-2012C-PromptReco/pickyTrimKT1_lite_v1,
METData-2012C-11Dec,METData,,,0.134241642,YES,,MET-Run2012C-EcalRecover_11Dec2012-v1,/pnfs/cms/WAX/resilient/mullin/PAT/Run2012C-EcalRecover_11Dec2012-v1/MET/201191-201191/DiJetMetSkim_lite_v0,,,/eos/uscms/store/user/sakoay/skim_PAT/geq2J70_met150/METData-2012C-11Dec/pickyTrimKT1_lite_v1,
METData-2012D-PromptReco,METData,,,6.689251276,YES,,MET-Run2012D-PromptReco-v1,/pnfs/cms/WAX/resilient/mullin/PAT/Run2012D-PromptReco-v1/MET/203768-208686/DiJetMetSkim_lite_v0,,,/eos/uscms/store/user/sakoay/skim_PAT/geq2J70_met150/METData-2012D-PromptReco/pickyTrimKT1_lite_v1,
EData-2012A-13Jul,EData,,,,NO,,SingleElectron-Run2012A-13Jul2012-v1,/pnfs/cms/WAX/resilient/bora12/PAT/Run2012A-13Jul2012-v1/SingleElectron/190456-193621/DiJetElectronSkim_lite_v0,,/eos/uscms/store/user/sakoay/skim_PAT/e29_geq3_j30/EData-2012A-13Jul/pickyTrimKT1_v0;/eos/uscms/store/user/sakoay/skim_PAT/e29_excl2_j70/EData-2012A-13Jul/pickyTrimKT1_v0,,
EData-2012A-06Aug,EData,,,,NO,,SingleElectron-Run2012A-recover-06Aug2012-v1,/pnfs/cms/WAX/resilient/bora12/PAT/Run2012A-recover-06Aug2012-v1/SingleElectron/190782-190949/DiJetElectronSkim_lite_v0,,/eos/uscms/store/user/sakoay/skim_PAT/e29_geq3_j30/EData-2012A-06Aug/pickyTrimKT1_v0;/eos/uscms/store/user/sakoay/skim_PAT/e29_excl2_j70/EData-2012A-06Aug/pickyTrimKT1_v0,,
EData-2012B-13Jul,EData,,,,NO,,SingleElectron-Run2012B-13Jul2012-v1,/pnfs/cms/WAX/resilient/bora12/PAT/Run2012B-13Jul2012-v1/SingleElectron/193833-196531/DiJetElectronSkim_lite_v0,,/eos/uscms/store/user/sakoay/skim_PAT/e29_geq3_j30/EData-2012B-13Jul/pickyTrimKT1_v0;/eos/uscms/store/user/sakoay/skim_PAT/e29_excl2_j70/EData-2012B-13Jul/pickyTrimKT1_v0,,
EData-2012C-24Aug,EData,,,,NO,,SingleElectron-Run2012C-24Aug2012-v1,/pnfs/cms/WAX/resilient/bora12/PAT/Run2012C-24Aug2012-v1/SingleElectron/198022-198913/DiJetElectronSkim_lite_v0,,/eos/uscms/store/user/sakoay/skim_PAT/e29_geq3_j30/EData-2012C-24Aug/pickyTrimKT1_v0;/eos/uscms/store/user/sakoay/skim_PAT/e29_excl2_j70/EData-2012C-24Aug/pickyTrimKT1_v0,,
EData-2012C-11Dec,EData,,,,NO,,SingleElectron-Run2012C-EcalRecover_11Dec2012-v1,/pnfs/cms/WAX/resilient/bora12/PAT/Run2012C-EcalRecover_11Dec2012-v1/SingleElectron/201191-201191/DiJetElectronSkim_lite_v0,,/eos/uscms/store/user/sakoay/skim_PAT/e29_geq3_j30/EData-2012C-11Dec/pickyTrimKT1_v0;/eos/uscms/store/user/sakoay/skim_PAT/e29_excl2_j70/EData-2012C-11Dec/pickyTrimKT1_v0,,
EData-2012C-PromptReco,EData,,,,NO,,SingleElectron-Run2012C-PromptReco-v2,/pnfs/cms/WAX/resilient/bora12/PAT/Run2012C-PromptReco-v2/SingleElectron/198934-203746/DiJetElectronSkim_lite_v0,,/eos/uscms/store/user/sakoay/skim_PAT/e29_geq3_j30/EData-2012C-PromptReco/pickyTrimKT1_v0;/eos/uscms/store/user/sakoay/skim_PAT/e29_excl2_j70/EData-2012C-PromptReco/pickyTrimKT1_v0,,
EData-2012D-PromptReco,EData,,,,NO,,SingleElectron-Run2012D-PromptReco-v1,/pnfs/cms/WAX/resilient/bora12/PAT/Run2012D-PromptReco-v1/SingleElectron/203768-208686/DiJetElectronSkim_lite_v0,,/eos/uscms/store/user/sakoay/skim_PAT/e29_geq3_j30/EData-2012D-PromptReco/pickyTrimKT1_v0;/eos/uscms/store/user/sakoay/skim_PAT/e29_excl2_j70/EData-2012D-PromptReco/pickyTrimKT1_v0,,
MuData-2012A-13Jul,MuData,,,0.80846,NO,,SingleMu-Run2012A-13Jul2012-v1,/pnfs/cms/WAX/resilient/bora12/PAT/Run2012A-13Jul2012-v1/SingleMu/190456-193621,/eos/uscms/store/user/sakoay/skim_PAT/mu27_geq3_j30/MuData-2012A-13Jul-Run2012A-13Jul2012/pickyTrimKT1_MuonSkim_v0;/eos/uscms/store/user/sakoay/skim_PAT/mu27_excl2_j70/MuData-2012A-13Jul/pickyTrimKT1_MuonSkim_v1,,,
MuData-2012A-06Aug,MuData,,,0.082135,NO,,SingleMu-Run2012A-recover-06Aug2012-v1,/pnfs/cms/WAX/resilient/bora12/PAT/Run2012A-recover-06Aug2012-v1/SingleMu/190782-190949,/eos/uscms/store/user/sakoay/skim_PAT/mu27_geq3_j30/MuData-2012A-06Aug-Run2012A-recover-06Aug2012/pickyTrimKT1_MuonSkim_v0;/eos/uscms/store/user/sakoay/skim_PAT/mu27_excl2_j70/MuData-2012A-06Aug/pickyTrimKT1_MuonSkim_v1,,,
MuData-2012B-13Jul,MuData,,,4.429,NO,,SingleMu-Run2012B-13Jul2012-v1,/pnfs/cms/WAX/resilient/bora12/PAT/Run2012B-13Jul2012-v1/SingleMu/193833-196531,/eos/uscms/store/user/sakoay/skim_PAT/mu27_geq3_j30/MuData-2012B-13Jul-Run2012B-13Jul2012/pickyTrimKT1_MuonSkim_v0;/eos/uscms/store/user/sakoay/skim_PAT/mu27_excl2_j70/MuData-2012B-13Jul/pickyTrimKT1_MuonSkim_v1,,,
MuData-2012C-24Aug,MuData,,,0.495003,NO,,SingleMu-Run2012C-24Aug2012-v1,/pnfs/cms/WAX/resilient/bora12/PAT/Run2012C-24Aug2012-v1/SingleMu/198022-198913,/eos/uscms/store/user/sakoay/skim_PAT/mu27_geq3_j30/MuData-2012C-24Aug-Run2012C-24Aug2012/pickyTrimKT1_MuonSkim_v0;/eos/uscms/store/user/sakoay/skim_PAT/mu27_excl2_j70/MuData-2012C-24Aug/pickyTrimKT1_MuonSkim_v1,,,
MuData-2012C-11Dec,MuData,,,0.134241,NO,,SingleMu-Run2012C-EcalRecover_11Dec2012-v1,/pnfs/cms/WAX/resilient/bora12/PAT/Run2012C-EcalRecover_11Dec2012-v1/SingleMu/201191-201191,/eos/uscms/store/user/sakoay/skim_PAT/mu27_geq3_j30/MuData-2012C-11Dec-Run2012C-EcalRecover_11Dec2012/pickyTrimKT1_MuonSkim_v0;/eos/uscms/store/user/sakoay/skim_PAT/mu27_excl2_j70/MuData-2012C-11Dec/pickyTrimKT1_MuonSkim_v1,,,
MuData-2012C-PromptReco,MuData,,,6.392,NO,,SingleMu-Run2012C-PromptReco-v2,/pnfs/cms/WAX/resilient/bora12/PAT/Run2012C-PromptReco-v2/SingleMu/198934-203746,/eos/uscms/store/user/sakoay/skim_PAT/mu27_geq3_j30/MuData-2012C-PromptReco/pickyTrimKT1_MuonSkim_v1;/eos/uscms/store/user/sakoay/skim_PAT/mu27_excl2_j70/MuData-2012C-PromptReco/pickyTrimKT1_MuonSkim_v1,,,
MuData-2012D-PromptReco,MuData,,,6.684,NO,,SingleMu-Run2012D-PromptReco-v1,/pnfs/cms/WAX/resilient/bora12/PAT/Run2012D-PromptReco-v1/SingleMu/203768-208686,/eos/uscms/store/user/sakoay/skim_PAT/mu27_geq3_j30/MuData-2012D-PromptReco/pickyTrimKT1_MuonSkim_v0/;/eos/uscms/store/user/sakoay/skim_PAT/mu27_excl2_j70/MuData-2012D-PromptReco/pickyTrimKT1_MuonSkim_v1,,,
HTData-2012A-13Jul,HTData,,,,YES,,HT-Run2012A-13Jul2012-v1,/pnfs/cms/WAX/resilient/mullin/PAT/Run2012A-13Jul2012-v1/HT/190456-193621/HTSkim_lite_v0,,,,/pnfs/cms/WAX/resilient/nmccoll/skim_PAT/geq1BTag_PSInc/HTData-2012A-13Jul/pickyTrimKT1_lite_v1
HTData-2012A-06Aug,HTData,,,,YES,,HT-Run2012A-recover-06Aug2012-v1,/pnfs/cms/WAX/resilient/mullin/PAT/Run2012A-recover-06Aug2012-v1/HT/190782-190949/HTSkim_lite_v0,,,,/pnfs/cms/WAX/resilient/nmccoll/skim_PAT/geq1BTag_PSInc/HTData-2012A-06Aug/pickyTrimKT1_lite_v1
HTData-2012B-13Jul,HTData,,,,YES,,JetHT-Run2012B-13Jul2012-v1,/pnfs/cms/WAX/resilient/mullin/PAT/Run2012B-13Jul2012-v1/JetHT/193833-196531/HTSkim_lite_v0,,,,/pnfs/cms/WAX/resilient/nmccoll/skim_PAT/geq1BTag_PSInc/HTData-2012B-13Jul/pickyTrimKT1_lite_v1
HTData-2012C-24Aug,HTData,,,,YES,,JetHT-Run2012C-24Aug2012-v2,/pnfs/cms/WAX/resilient/mullin/PAT/Run2012C-24Aug2012-v2/JetHT/198022-198913/HTSkim_lite_v0,,,,/pnfs/cms/WAX/resilient/nmccoll/skim_PAT/geq1BTag_PSInc/HTData-2012C-24Aug/pickyTrimKT1_lite_v1
HTData-2012C-11Dec,HTData,,,,YES,,JetHT-Run2012C-EcalRecover_11Dec2012-v1,/pnfs/cms/WAX/resilient/mullin/PAT/Run2012C-EcalRecover_11Dec2012-v1/JetHT/201191-201191/HTSkim_lite_v0,,,,/pnfs/cms/WAX/resilient/nmccoll/skim_PAT/geq1BTag_PSInc/HTData-2012C-11Dec/pickyTrimKT1_lite_v1
HTData-2012C-PromptReco,HTData,,,,YES,,JetHT-Run2012C-PromptReco-v2,/pnfs/cms/WAX/resilient/mullin/PAT/Run2012C-PromptReco-v2/JetHT/198934-203746/HTSkim_lite_v0,,,,/pnfs/cms/WAX/resilient/nmccoll/skim_PAT/geq1BTag_PSInc/HTData-2012C-PromptReco/pickyTrimKT1_lite_v1
HTData-2012D-PromptReco,HTData,,,,YES,,JetHT-Run2012D-PromptReco-v1,/pnfs/cms/WAX/resilient/mullin/PAT/Run2012D-PromptReco-v1/JetHT/203768-208686/HTSkim_lite_v0,,,,/pnfs/cms/WAX/resilient/nmccoll/skim_PAT/geq1BTag_PSInc/HTData-2012D-PromptReco/pickyTrimKT1_lite_v1
